ID,Name,Glottocode,Glottolog_Name,ISO639P3code,Macroarea,Latitude,Longitude,Family,NameInSource,SubGroup
Jahai,Jahai,jeha1242,,jhi,,5.63695,101.54145,Austro-Asiatic,Jahai,ASLIAN
JahHut,Jah-Hut,jahh1242,,jah,,3.67619,102.2913,Austro-Asiatic,JahHut,ASLIAN
Kensiw,Kensiw,kens1248,,kns,,6.02922,101.16023,Austro-Asiatic,Kensiw,ASLIAN
Semai,Semai,sema1266,,sea,,4.13257,101.47651,Austro-Asiatic,Semai,ASLIAN
Semelai,Semelai,seme1247,,sza,,2.82799,102.8062,Austro-Asiatic,Semelai,ASLIAN
SemoqBeri,SemoqBeri,,,,,,,Austro-Asiatic,SemoqBeri,ASLIAN
Temiar,Temiar,temi1246,,tea,,4.974,101.43761,Austro-Asiatic,Temiar,ASLIAN
Arak,Arak,,,,,,,Austro-Asiatic,Arak,BAHNARIC
Bahnar,Bahnar,,,,,,,Austro-Asiatic,Bahnar,BAHNARIC
Chrau,Chrau,chra1242,,crw,,10.80208,107.29291,Austro-Asiatic,Chrau,BAHNARIC
Didra,Didra,,,,,,,Austro-Asiatic,Didra,BAHNARIC
Hadang,Hadang,,,,,,,Austro-Asiatic,Hadang,BAHNARIC
Halang,Halang,hala1252,,hal,,14.60822,107.57379,Austro-Asiatic,Halang,BAHNARIC
Hre,Hre,,,hre,,,,Austro-Asiatic,Hre,BAHNARIC
Je,Je,,,,,,,Austro-Asiatic,Je,BAHNARIC
Jeh,Jeh,jehh1245,,jeh,,15.19845,107.89563,Austro-Asiatic,Jeh,BAHNARIC
Jru,Jru,lave1248,,lbo,,15.27261,106.32196,Austro-Asiatic,Jru,BAHNARIC
Kadong,Kadong,,,,,,,Austro-Asiatic,Kadong,BAHNARIC
KahoChil,KahoChil,,,,,,,Austro-Asiatic,KahoChil,BAHNARIC
KorCua,Kor=Cua,cuaa1241,,cua,,15.16883,108.43092,Austro-Asiatic,KorCua,BAHNARIC
MBunong,M.Bunong,maaa1253,,cma,,11.52,107.34,Austro-Asiatic,M.Bunong,BAHNARIC
MDip,M.Dip,maaa1253,,cma,,11.52,107.34,Austro-Asiatic,M.Dip,BAHNARIC
MRolom,M.Rolom,east2333,,mng,,12.39385,108.35351,Austro-Asiatic,M.Rolom,BAHNARIC
Ma1,Ma1,,,,,,,Austro-Asiatic,Ma1,BAHNARIC
Ma2,Ma2,,,,,,,Austro-Asiatic,Ma2,BAHNARIC
Nhaheun,Nhaheun,nyah1249,,nev,,15.10343,106.54295,Austro-Asiatic,Nhaheun,BAHNARIC
Oy,Oy,,,oyb,,,,Austro-Asiatic,Oy,BAHNARIC
Panong,Panong,,,,,,,Austro-Asiatic,Panong,BAHNARIC
Rengao,Rengao,reng1252,,ren,,14.6066,107.85923,Austro-Asiatic,Rengao,BAHNARIC
Sedang,Sedang,seda1262,,sed,,14.77933,108.02703,Austro-Asiatic,Sedang,BAHNARIC
Sre,Sre,sree1244,,kpm,,11.64436,108.05721,Austro-Asiatic,Sre,BAHNARIC
Stieng,Stieng,bulo1242,,sti,,11.81581,107.04075,Austro-Asiatic,Stieng,BAHNARIC
Tariang,Tariang,tali1257,,tdf,,16.53,106.10,Austro-Asiatic,Tariang,BAHNARIC
Tempuan,Tempuan,tamp1251,,tpu,,13.56447,107.24544,Austro-Asiatic,Tempuan,BAHNARIC
Veh,Veh,,,,,,,Austro-Asiatic,Veh,BAHNARIC
Bru,Bru,,,,,,,Austro-Asiatic,Bru,KATUIC
BruVK,BruVK,,,,,,,Austro-Asiatic,BruVK,KATUIC
Dakkang,Dakkang,,,,,,,Austro-Asiatic,Dakkang,KATUIC
Kantu,Kantu,,,,,,,Austro-Asiatic,Kantu,KATUIC
Katu,Katu,,,,,,,Austro-Asiatic,Katu,KATUIC
Kui,Kui,,,,,,,Austro-Asiatic,Kui,KATUIC
LaoKatu,Lao-Katu,,,,,,,Austro-Asiatic,LaoKatu,KATUIC
Mak,Mak,,,,,,,Austro-Asiatic,Mak,KATUIC
Neu,Neu,,,,,,,Austro-Asiatic,Neu,KATUIC
Nge,Nge,ngeq1245,,ngt,,15.62109,106.8773,Austro-Asiatic,Nge,KATUIC
Ong,Ong,,,,,,,Austro-Asiatic,Ong,KATUIC
Pakoh,Pakoh,paco1243,,pac,,16.44399,107.12868,Austro-Asiatic,Pakoh,KATUIC
So,So,,,,,,,Austro-Asiatic,So,KATUIC
Taoi,Taoi,lowe1395,,tto,,15.9083,106.87347,Austro-Asiatic,Taoi,KATUIC
Taoih,Taoih,,,,,,,Austro-Asiatic,Taoih,KATUIC
Tri,Tri,,,,,,,Austro-Asiatic,Tri,KATUIC
Khasi,Khasi,khas1269,,kha,,25.56573,92.00194,Austro-Asiatic,Khasi,KHASI
KSurin,K.Surin,nort2684,,kxm,,14.46743,103.86313,Austro-Asiatic,K.Surin,KHMERIC
Khmer,Khmer,cent1989,,khm,,11.4549,104.49337,Austro-Asiatic,Khmer,KHMERIC
Bit,Bit,bitt1240,,bgk,,21.44574,102.03513,Austro-Asiatic,Bit,KHMUIC
Iduh,Iduh,,,,,,,Austro-Asiatic,Iduh,KHMUIC
Khang,Khang,khan1274,,kjm,,21.66243,103.73637,Austro-Asiatic,Khang,KHMUIC
Khmu,Khmu,,,kjg,,,,Austro-Asiatic,Khmu,KHMUIC
Ksinmul,Ksinmul,puoc1238,,puo,,21.02809,104.0259,Austro-Asiatic,Ksinmul,KHMUIC
KxinhMul,KxinhMul,,,,,,,Austro-Asiatic,KxinhMul,KHMUIC
Mlabri,Mlabri,mlab1235,,mra,,18.46712,101.03731,Austro-Asiatic,Mlabri,KHMUIC
Phong,Phong,phon1246,,pnx,,19.96217,104.08797,Austro-Asiatic,Phong,KHMUIC
Pray,Pray,,,pry,,,,Austro-Asiatic,Pray,KHMUIC
Bugan,Bugan,buga1247,,bbh,,23.61242,104.96286,Austro-Asiatic,Bugan,MANGIC
Mang,Mang,mang1378,,zng,,22.37722,103.14238,Austro-Asiatic,Mang,MANGIC
Paliu,Paliu,,,,,,,Austro-Asiatic,Paliu,MANGIC
Mon,Mon,monn1252,,mnw,,15.81271,97.89369,Austro-Asiatic,Mon,MONIC
Nyakur,Nyakur,nyah1250,,,,15.89091,101.51465,Austro-Asiatic,Nyakur,MONIC
Bonda,Bonda,bond1245,,bfw,,19.15124,83.81415,Austro-Asiatic,Bonda,MUNDA
Juang,Juang,juan1238,,jun,,21.26064,85.58452,Austro-Asiatic,Juang,MUNDA
Kharia,Kharia,khar1287,,khr,,22.35712,84.39219,Austro-Asiatic,Kharia,MUNDA
Korku,Korku,kork1243,,kfq,,21.83579,77.55409,Austro-Asiatic,Korku,MUNDA
Mundari,Mundari,mund1320,,unr,,22.5517,85.09258,Austro-Asiatic,Mundari,MUNDA
Parengi,Parengi,pare1266,,pcj,,19.07501,83.97234,Austro-Asiatic,Parengi,MUNDA
Santali,Santali,sant1410,,sat,,23.9076,87.11775,Austro-Asiatic,Santali,MUNDA
Sora,Sora,sora1254,,srb,,19.12127,84.19005,Austro-Asiatic,Sora,MUNDA
Car,Car,carn1240,,caq,,9.18853,92.76706,Austro-Asiatic,Car,NICOBARIC
Nancawri,Nancawri,nanc1247,,ncb,,7.94812,93.39208,Austro-Asiatic,Nancawri,NICOBARIC
Deang,De'ang,,,,,,,Austro-Asiatic,Deang,PALAUNGWA
Gantang,Gantang,,,,,,,Austro-Asiatic,Gantang,PALAUNGWA
Guanshuang,Guanshuang,,,,,,,Austro-Asiatic,Guanshuang,PALAUNGWA
Hu,Hu,huuu1240,,huo,,23.37,101.75,Austro-Asiatic,Hu,PALAUNGWA
Khamet,Khamet,,,,,,,Austro-Asiatic,Khamet,PALAUNGWA
Khme,Khme,,,,,,,Austro-Asiatic,Khme,PALAUNGWA
Mane,Man'e,,,,,,,Austro-Asiatic,Mane,PALAUNGWA
Mangan,Mang'an,,,,,,,Austro-Asiatic,Mangan,PALAUNGWA
Pangpin,Pangpin,,,,,,,Austro-Asiatic,Pangpin,PALAUNGWA
Plang,Plang,,,,,,,Austro-Asiatic,Plang,PALAUNGWA
Rumai,Rumai,ruma1248,,rbb,,23.13363,96.67992,Austro-Asiatic,Rumai,PALAUNGWA
Shuangdiang,Shuangdiang,,,,,,,Austro-Asiatic,Shuangdiang,PALAUNGWA
Wa,Wa,,,,,,,Austro-Asiatic,Wa,PALAUNGWA
Yongde,Yongde,,,,,,,Austro-Asiatic,Yongde,PALAUNGWA
Chong,Chong,chon1284,,cog,,12.7267,102.232,Austro-Asiatic,Chong,PEARIC
ChongH,Chong-H,chon1284,,cog,,12.7267,102.232,Austro-Asiatic,ChongH,PEARIC
Kasong,Kasong,cent2314,,cog,,12.87518,102.16769,Austro-Asiatic,Kasong,PEARIC
Samre,Samre,somr1240,,sxm,,13.47899,103.978,Austro-Asiatic,Samre,PEARIC
Arem,Arem,,,,,,,Austro-Asiatic,Arem,VIETIC
Cuoi,Cuoi,,,,,,,Austro-Asiatic,Cuoi,VIETIC
KhaPhong,KhaPhong,,,,,,,Austro-Asiatic,KhaPhong,VIETIC
Liha,Liha,,,,,,,Austro-Asiatic,Liha,VIETIC
Malieng,Malieng,mali1278,,pkt,,17.94469,105.67464,Austro-Asiatic,Malieng,VIETIC
MuongKoi,MuongKoi,,,,,,,Austro-Asiatic,MuongKoi,VIETIC
PhongV,Phong(V),,,,,,,Austro-Asiatic,PhongV,VIETIC
Ruc,Ruc,rucc1239,,scb,,17.986,105.658,Austro-Asiatic,Ruc,VIETIC
Thavung,Thavung,,,thm,,,,Austro-Asiatic,Thavung,VIETIC
ThavungSo,ThavungSo,,,thm,,,,Austro-Asiatic,ThavungSo,VIETIC
Tuum,Tuum,,,,,,,Austro-Asiatic,Tuum,VIETIC
Vietnamese,Vietnamese,viet1252,,vie,,17.11945,106.91747,Austro-Asiatic,Vietnamese,VIETIC
ThoMon,Tho Mon,,,,,,,Austro-Asiatic,ThoMon,VIETIC
